tipo_parto,n,perc
cesareo,577,45.61264822134387
vaginale,534,42.21343873517787
vaginale_operativo,154,12.173913043478262
